INSERT INTO Auth VALUES
			(1, '관리자'),
			(2, '일반직원');

INSERT INTO User(USER_ID, USER_PWD, USER_NAME, AUTH_CODE) VALUES
				('admin', '1234', '최고관리자', 1),
				('user01', '1234', '정승우', 2);


select * from Menu;

-- 1. 코드 관리 그룹 (부모 노드 - 코드관리)
INSERT INTO Menu (MENU_ID, PARENT_ID, MENU_NAME, FORM_NAME, MIN_AUTH_CODE, MENU_ORDER) VALUES (10, 0, '코드관리', NULL, 1, 10);
-- 1. 코드 관리 그룹 (자식 그룹 - 권한,메뉴,업무 목록)
INSERT INTO Menu (MENU_ID, PARENT_ID, MENU_NAME, FORM_NAME, MIN_AUTH_CODE, MENU_ORDER) VALUES (11, 10, '권한목록', 'AuthList', 1, 11);
INSERT INTO Menu (MENU_ID, PARENT_ID, MENU_NAME, FORM_NAME, MIN_AUTH_CODE, MENU_ORDER) VALUES (12, 10, '메뉴목록', 'MenuList', 1, 12);
INSERT INTO Menu (MENU_ID, PARENT_ID, MENU_NAME, FORM_NAME, MIN_AUTH_CODE, MENU_ORDER) VALUES (13, 10, '업무목록', 'TaskList', 1, 13);
-- 2. 직원 관리 그룹 (부모 노드 - '직원 관리')
INSERT INTO Menu (MENU_ID, PARENT_ID, MENU_NAME, FORM_NAME, MIN_AUTH_CODE, MENU_ORDER) VALUES (20, 0, '직원관리', NULL, 1, 20);
INSERT INTO Menu (MENU_ID, PARENT_ID, MENU_NAME, FORM_NAME, MIN_AUTH_CODE, MENU_ORDER) VALUES (21, 20, '직원목록', 'Manager', 1, 21);
-- 3. 대시보드 그룹 (부모 노드 - '대시보드')
INSERT INTO Menu (MENU_ID, PARENT_ID, MENU_NAME, FORM_NAME, MIN_AUTH_CODE, MENU_ORDER) VALUES (30, 0, '대시보드', NULL, 2, 30);
INSERT INTO Menu (MENU_ID, PARENT_ID, MENU_NAME, FORM_NAME, MIN_AUTH_CODE, MENU_ORDER) VALUES (31, 30, '전체현황', 'DashBoard', 2, 31);
-- 4. 일정 관리 그룹 (부모 노드 - '일정 관리')
INSERT INTO Menu (MENU_ID, PARENT_ID, MENU_NAME, FORM_NAME, MIN_AUTH_CODE, MENU_ORDER) VALUES (30, 0, '일정관리', NULL, 1, 30);
INSERT INTO Menu (MENU_ID, PARENT_ID, MENU_NAME, FORM_NAME, MIN_AUTH_CODE, MENU_ORDER) VALUES (31, 30, 'Calendar', 'Schedule', 1, 31);

UPDATE Menu SET PARENT_ID = 0 WHERE MENU_ID = 30;
UPDATE Menu SET MIN_AUTH_CODE = 1 WHERE MENU_ID = 30 AND MENU_ID = 31;
UPDATE Menu SET PARENT_ID = 30 WHERE MENU_ID = 31;

DELETE FROM Menu 
WHERE MENU_ID = 31 AND MIN_AUTH_CODE =2 ;

